{"train": [0.08776233248909314, 0.03883520631492138, 0.03387613727649053, 0.031101438333590824, 0.029552302797635398, 0.0285434833218654, 0.027840908259153366, 0.027622727995117505, 0.026459770038723945, 0.026317751814921696, 0.026235527565081913, 0.025909597386916478, 0.02559390865266323, 0.025666621779402096, 0.024973714967568717, 0.02441790402432283, 0.024616374308864274, 0.024774276291330655, 0.02441786862909794, 0.024390192980567615, 0.02417716098825137, 0.024258348539471626, 0.024053029492497446, 0.024100917999943097, 0.023543825417757035, 0.024018014937639238, 0.02357206499079863, 0.023311648110548654, 0.02335239474972089, 0.023615968257188796, 0.02353100181619326, 0.023419079169631006, 0.023384218538800874, 0.023215376717348895, 0.022972169828911624, 0.0232764594728748, 0.022912847439448037, 0.02296527217825254, 0.02315587065120538, 0.023030939464767773, 0.022701081621150174, 0.022762626563509306, 0.022751506517330804, 0.02305434600263834, 0.022893791034817694, 0.02239716566602389, 0.02273930628846089, 0.02278075507034858, 0.022473222424586613, 0.02266190459827582, 0.022567350360254448, 0.02234817253301541, 0.022369163061181703, 0.022742684572935105, 0.022578059501945972, 0.022677161698540053, 0.022316259682178496, 0.022270107353727024, 0.02225746013224125, 0.022516442375878493, 0.022605221015711625, 0.02243142236272494, 0.022049271499117215, 0.02260724834104379, 0.02242660575111707, 0.02239520616084337, 0.022016957089304925, 0.022138736464083195, 0.02233365691204866, 0.02229588488241037, 0.02223933013776938, 0.022102150698502857, 0.022054049854477245, 0.022181763008236884, 0.022460862144827842, 0.02200377994030714, 0.022221518519024056, 0.022051715552806855, 0.021865469930072625, 0.021933647719522317, 0.02216187191506227, 0.02188913384079933, 0.0220714005207022, 0.02184097649902105, 0.02236907937626044, 0.02173900025586287, 0.021883515218893687, 0.022024195738136767, 0.02208534862101078, 0.022016999882956346, 0.021798452511429787, 0.02220269710570574, 0.021923547153671584, 0.021950270938376586, 0.022023702951769034, 0.021676560466488203, 0.021836378219226998, 0.021715043539802234, 0.02173907752831777, 0.021747307134171327], "val": [0.043948182122821505, 0.03502400516671069, 0.03148932608359672, 0.030813802647939387, 0.029399261611731762, 0.028448919468420618, 0.026903677890275386, 0.027042904829091215, 0.026371692564893277, 0.025400037421508037, 0.025495841583990035, 0.027470779625025202, 0.025843932689662945, 0.02520836037682726, 0.02480500772040575, 0.02493843360942729, 0.024594693187069385, 0.025049788421614372, 0.024339998814653842, 0.02417533258174328, 0.02485713798632013, 0.023124891729589474, 0.024324122202047643, 0.023313495588112385, 0.02380617470183271, 0.023933809706346787, 0.02377827812303254, 0.02423489252303509, 0.023065687712044158, 0.023640561759709678, 0.02326268205379552, 0.023303420659392438, 0.022911977419193756, 0.02276397393421924, 0.022915633018822112, 0.02308112816845483, 0.023694339564981612, 0.023174611772311494, 0.023912252561050527, 0.022989521674970363, 0.02315301998974161, 0.023240409553685087, 0.022915138347827373, 0.0225163631418601, 0.02280520445647392, 0.022518480553271922, 0.023259986727003086, 0.023191068876296916, 0.02239511572220858, 0.02269048238807219, 0.023087276878984684, 0.022825761282063546, 0.022716411329964374, 0.022534411796864044, 0.022426178084408985, 0.022380269905354116, 0.02208454026147089, 0.021722673438489437, 0.0218397795242515, 0.022804675564328407, 0.022086619419303347, 0.021875508842950173, 0.022622938248071264, 0.022196123832242287, 0.02295305562066905, 0.023768416625705172, 0.022405318390736555, 0.022233952758239306, 0.022139378179340287, 0.022068844414613348, 0.021688149588063678, 0.02233104429584234, 0.0213935179933113, 0.022399927905582366, 0.022882830311960364, 0.022035766749622973, 0.02197772078216076, 0.02112133650386587, 0.02166898917169013, 0.022048104594045496, 0.02205519525809808, 0.021240063972691906, 0.0218359949067235, 0.02195958207619, 0.0218691418660765, 0.021751064509945982, 0.022102319615635465, 0.021928067873925604, 0.02191956700915669, 0.022029193871198817, 0.022171321760942327, 0.02161849511073942, 0.0219123738203594, 0.022012236419114026, 0.021868905270511798, 0.021695419511896498, 0.022132946614255296, 0.021698764604615405, 0.02178499639589102, 0.021719126248771838]}